minx,miny,maxx,maxy,lower,upper
515687.31005864,7473446.76593407,562666.860106543,7521273.57407786,-3200,1200
